,#scale(0),id(1),desc_scale(2),desc_id(3),num_prog(4),pid(5),upid(6),desc_pid(7),phantom(8),sam_mvir(9),mvir(10),rvir(11),rs(12),vrms(13),mmp?(14),scale_of_last_MM(15),vmax(16),x(17),y(18),z(19),vx(20),vy(21),vz(22),Jx(23),Jy(24),Jz(25),Spin(26),Breadth_first_ID(27),Depth_first_ID(28),Tree_root_ID(29),Orig_halo_ID(30),Snap_num(31),Next_coprogenitor_depthfirst_ID(32),Last_progenitor_depthfirst_ID(33),Last_mainleaf_depthfirst_ID(34),Rs_Klypin(35),Mvir_all(36),M200b(37),M200c(38),M500c(39),M2500c(40),Xoff(41),Voff(42),Spin_Bullock(43),b_to_a(44),c_to_a(45),A[x](46),A[y](47),A[z](48),b_to_a(500c)(49),c_to_a(500c)(50),A[x](500c)(51),A[y](500c)(52),A[z](500c)(53),T/|U|(54),M_pe_Behroozi(55),M_pe_Diemer(56),Macc(57),Mpeak(58),Vacc(59),Vpeak(60),Halfmass_Scale(61),Acc_Rate_Inst(62),Acc_Rate_100Myr(63),Acc_Rate_1*Tdyn(64),Acc_Rate_2*Tdyn(65),Acc_Rate_Mpeak(66),Mpeak_Scale(67),Acc_Scale(68),First_Acc_Scale(69),First_Acc_Mvir(70),First_Acc_Vmax(71),Vmax@Mpeak(72)
0,1.00035,3060299107,0.0,-1,6,-1,-1,-1,0,164300000000000.0,164300000000000.0,1133.583,112.873,965.65,1,0.2523,952.39,35.724990000000005,43.2765,17.712989999999998,48.16,-34.49,-82.51,1798000000000000.0,-944900000000000.0,-4756000000000000.0,0.02444,29078816,29078816,3060299107,1859298,180,-1,29235040,29078994,112.87299999999999,164400000000000,181910000000000,134390000000000,104130000000000,56707000000000,24.6404,58.66,0.02485,0.72158,0.58089,51.3941,-20.2019,17.9174,0.7429,0.53803,40.4987,-13.3887,17.0664,0.6102,182600000000000,89130000000000,164300000000000.0,164300000000000.0,952.39,1055.71,0.4023,2385.0,3763.0,10670.0,9896.0,9234.0,1.0,1.0,1.0,164300000000000.0,952.39,952.39
1,1.00035,3060312953,0.0,-1,7,-1,-1,-1,0,158900000000000.0,158900000000000.0,1120.898,223.9,886.99,1,0.3063,823.11,45.20892,49.70751,39.91124,-14.21,264.96,-132.11,9636000000000000.0,2706000000000000.0,-1.061e+16,0.06467,30416219,30416219,3060312953,1873144,180,-1,30540286,30416397,236.771,158890000000000,186780000000000,122230000000000,80702000000000,34903000000000,44.961000000000006,29.56,0.07414,0.56817,0.45925,47.9605,-3.0215799999999997,41.3292,0.60823,0.47031999999999996,33.6251,6.01483,24.9607,0.6324,159800000000000,134000000000000,158900000000000.0,158900000000000.0,823.11,922.11,0.5043,14310.0,13140.0,12860.0,13910.0,10930.0,1.0,1.0,1.0,158900000000000.0,823.11,823.11
2,1.00035,3058440575,0.0,-1,5,-1,-1,-1,0,114400000000000.0,114400000000000.0,1004.602,129.441,807.59,1,0.4803,799.42,21.81201,13.89226,9.54759,-4.75,104.38,-61.29,1865000000000000.0,-1887000000000000.0,-2824000000000000.0,0.03395,41860817,41860817,3058440575,766,180,-1,41957653,41860995,129.725,114400000000000,127030000000000,95981000000000,70697000000000,32653000000000,25.4258,33.87,0.034069999999999996,0.85185,0.7760199999999999,40.1133,18.3443,11.6084,0.67889,0.59719,33.677,12.0561,12.8466,0.5770000000000001,124200000000000,73310000000000,114400000000000.0,114400000000000.0,799.42,879.87,0.4803,2385.0,2381.0,5633.0,5141.0,4015.0,1.0,1.0,1.0,114400000000000.0,799.42,799.42
3,1.00035,3058441456,0.0,-1,6,-1,-1,-1,0,97090000000000.0,97090000000000.0,951.183,315.145,757.36,1,0.9673,679.37,26.18034,14.314229999999998,6.51834,-271.94,78.85,423.44,2361000000000000.0,-8066000000000000.0,4859000000000000.0,0.07951,48794645,48794645,3058441456,1647,180,-1,48862586,48794823,257.849,97591000000000,113800000000000,72664000000000,37646000000000,15335000000000,148.482,343.53,0.11216,0.57167,0.45266000000000006,49.1656,-6.97703,-40.8122,0.78346,0.521,1.63147,-15.4471,30.0835,0.7308,97340000000000,116100000000000,97090000000000.0,97090000000000.0,679.37,679.61,0.6403,14550.0,17250.0,14900.0,7434.0,8291.0,1.0,1.0,1.0,97090000000000.0,679.37,679.37
4,1.00035,3058452345,0.0,-1,2,-1,-1,-1,0,85270000000000.0,85270000000000.0,910.885,115.08,746.0,1,0.3063,735.68,1.74397,29.733240000000002,17.82519,317.08,238.52,179.34,1222000000000000.0,1385000000000000.0,180100000000000.0,0.02584,54872110,54872110,3058452345,12536,180,-1,54950293,54872285,109.15100000000001,85277000000000,98043000000000,68832000000000,50204000000000,25801000000000,41.2743,82.78,0.026619999999999998,0.7048399999999999,0.58662,37.9641,-19.6549,-1.4724700000000002,0.73451,0.62266,28.5585,-11.7736,2.18833,0.5982,88280000000000,52120000000000,85270000000000.0,85270000000000.0,735.68,808.63,0.4864,2385.0,1843.0,3519.0,4122.0,4712.0,1.0,1.0,1.0,85270000000000.0,735.68,735.68
5,1.00035,3058463669,0.0,-1,5,-1,-1,-1,0,84380000000000.0,84260000000000.0,907.259,142.204,744.91,1,0.6043,696.86,10.27388,26.238329999999998,22.292679999999997,-57.3,186.67,-187.27,448100000000000.0,-1407000000000000.0,-1645000000000000.0,0.02841,55865752,55865752,3058463669,23860,180,-1,55937036,55865930,142.204,84476000000000,94784000000000,67199000000000,49028000000000,20225000000000,72.4168,16.44,0.03234,0.71024,0.5189699999999999,44.0497,15.0645,29.0486,0.72529,0.46598,33.3457,16.6235,18.4158,0.6456,88360000000000,61470000000000,84260000000000.0,84390000000000.0,696.86,711.33,0.6103,-1669.0,-828.9,6331.0,4894.0,4903.0,0.9883,1.0,1.0,84260000000000.0,696.86,700.49
6,1.00035,3058683023,0.0,-1,8,-1,-1,-1,0,83570000000000.0,83570000000000.0,904.809,156.271,720.18,1,0.3963,681.43,12.023480000000001,36.63193,33.6698,-306.38,-77.55,-386.58,367800000000000.0,-774300000000000.0,4302000000000000.0,0.0598,56500354,56500354,3058683023,243214,180,-1,56560170,56500529,160.069,83679000000000,93482000000000,66190000000000,44355000000000,20693000000000,46.0053,138.63,0.06506,0.96519,0.57839,16.7726,38.7455,4.32532,0.86667,0.47098,25.2126,13.9201,-14.5646,0.609,85450000000000,63380000000000,83570000000000.0,83570000000000.0,681.43,731.95,0.6643,1669.0,1529.0,5579.0,7395.0,8211.0,1.0,1.0,1.0,83570000000000.0,681.43,681.43
7,1.00035,3060115960,0.0,-1,7,-1,-1,-1,0,77950000000000.0,77950000000000.0,884.053,151.706,707.99,1,0.5623,668.98,45.82376,6.50973,41.8451,-233.79,179.51,64.62,-4152000000000000.0,-68700000000000.0,81590000000000.0,0.061860000000000005,59144160,59144160,3060115960,1676151,180,-1,59218190,59144338,151.70600000000002,78021000000000,88080000000000,64161000000000,42587000000000,17912000000000,49.2188,134.44,0.06917999999999999,0.9801700000000001,0.8641399999999999,25.4422,-2.9361200000000003,35.2637,0.67475,0.60709,30.6835,-3.7870199999999996,13.5712,0.6272,81810000000000,60930000000000,77950000000000.0,77950000000000.0,668.98,709.03,0.5564,5723.0,6083.0,5497.0,2778.0,3789.0,1.0,1.0,1.0,77950000000000.0,668.98,668.98
8,1.00035,3058477222,0.0,-1,3,-1,-1,-1,0,72840000000000.0,72840000000000.0,864.284,149.548,691.68,1,0.3663,654.46,14.5065,24.59419,38.47238,-31.82,239.24,-397.53,1690000000000000.0,205200000000000.0,-732600000000000.0,0.03135,62984468,62984468,3058477222,37413,180,-1,63045292,62984640,147.69,72842000000000,81131000000000,57837000000000,37859000000000,18421000000000,29.0348,182.92,0.03456,0.81117,0.45208999999999994,-10.283,-11.0193,42.6866,0.61463,0.4477,9.62314,-14.1907,28.2112,0.6206,73780000000000,55610000000000,72840000000000.0,72840000000000.0,654.46,675.54,0.5864,8108.0,10440.0,8205.0,4724.0,4724.0,1.0,1.0,1.0,72840000000000.0,654.46,654.46
9,1.00035,3058476367,0.0,-1,7,-1,-1,-1,0,72713300000000.0,72490000000000.0,862.917,109.561,726.74,1,0.5223,688.94,10.37234,33.420629999999996,32.935520000000004,-16.72,315.94,-417.13,-736600000000000.0,-1841000000000000.0,-2244000000000000.0,0.0526,63045293,63045293,3058476367,36558,180,-1,63118186,63045469,109.561,72500000000000,78779000000000,62175000000000,46582000000000,20486000000000,38.232,73.5,0.0563,0.64742,0.5657300000000001,-18.4611,47.3245,-18.578,0.69844,0.60123,-8.95547,34.864000000000004,-16.8667,0.627,80870000000000,47200000000000,72490000000000.0,72740000000000.0,688.94,727.21,0.5103,-1669.0,-1267.0,5544.0,6087.0,3127.0,0.9853,1.0,1.0,72490000000000.0,688.94,691.59
10,1.00035,3058464373,0.0,-1,2,-1,-1,-1,0,68390000000000.0,68390000000000.0,846.305,96.978,688.37,1,0.5223,692.76,14.955429999999998,25.7224,23.48616,-378.05,180.03,-206.93,-686300000000000.0,220000000000000.0,-316400000000000.0,0.01648,65920516,65920516,3058464373,24564,180,-1,65997593,65920692,95.0271,68408000000000,77171000000000,55887000000000,41757000000000,21737000000000,6.04494,18.73,0.016309999999999998,0.685,0.51848,38.5035,11.6905,15.3337,0.6079399999999999,0.47002,30.0645,9.53658,13.8732,0.5752,72190000000000,39660000000000,68390000000000.0,68390000000000.0,692.76,797.01,0.4384,4054.0,4087.0,3105.0,1847.0,1779.0,1.0,1.0,1.0,68390000000000.0,692.76,692.76
11,1.00035,3058453781,0.0,-1,4,-1,-1,-1,0,63090000000000.0,63090000000000.0,823.874,110.708,673.15,1,0.5383,654.81,6.6942699999999995,30.18464,15.303579999999998,33.22,-61.77,286.42,-349500000000000.0,-671900000000000.0,-117900000000000.0,0.01757,69239641,69239641,3058453781,13972,180,-1,69299111,69239820,107.051,63119000000000,67786000000000,54558000000000,39535000000000,16875000000000,28.5637,57.31,0.01816,0.62456,0.46308999999999995,36.4093,-13.7786,-31.0124,0.53485,0.40158,28.4691,-13.8975,-23.2516,0.5976,70470000000000,42330000000000,63090000000000.0,63090000000000.0,654.81,720.93,0.5323,1669.0,1796.0,3285.0,1686.0,866.9,1.0,1.0,1.0,63090000000000.0,654.81,654.81
12,1.00035,3058647045,0.0,-1,2,-1,-1,-1,0,55376700000000.0,52630000000000.0,775.543,160.506,608.55,1,0.6403,570.58,24.34074,36.45373,7.214919999999999,-35.67,84.5,83.19,-691800000000000.0,-388700000000000.0,-670900000000000.0,0.029330000000000002,78396907,78396907,3058647045,207236,180,-1,78445357,78397083,161.47799999999998,52700000000000,61986000000000,40713000000000,27252000000000,10246000000000,74.8254,42.72,0.033319999999999995,0.6853100000000001,0.50326,-24.7284,43.4391,14.0739,0.81304,0.56934,-14.9335,30.4435,4.48211,0.6204,52740000000000,45230000000000,52630000000000.0,55400000000000.0,570.58,640.77,0.6223,-7392.0,-5567.0,-393.6,1196.0,2922.0,0.9524,1.0,1.0,52630000000000.0,570.58,601.28
13,1.00035,3060076063,0.0,-1,6,-1,-1,-1,0,47880000000000.0,47880000000000.0,751.464,112.809,605.49,1,0.3663,576.71,43.486509999999996,34.82969,8.778939999999999,67.41,217.23,181.37,183300000000000.0,982700000000000.0,842800000000000.0,0.04582,83148173,83148173,3060076063,1636254,180,-1,83190675,83148352,118.363,47958000000000,53028000000000,39932000000000,26733000000000,12501000000000,29.9256,100.38,0.04908,0.7703399999999999,0.69424,31.2077,29.4633,8.349089999999999,0.65184,0.50463,18.0605,23.6593,16.2805,0.6082,50890000000000,33730000000000,47880000000000.0,47880000000000.0,576.71,651.08,0.6103,953.8,890.7,1490.0,2063.0,4056.0,1.0,1.0,1.0,47880000000000.0,576.71,576.71
14,1.00035,3060116440,0.0,-1,3,-1,-1,-1,0,42110000000000.0,42110000000000.0,720.003,157.763,574.03,1,0.4443,522.26,42.97781,4.33425,45.41155,-212.09,139.77,-137.2,184700000000000.0,157800000000000.0,-1114000000000000.0,0.04276,90641317,90641317,3060116440,1676631,180,-1,90667917,90641494,168.145,42300000000000,53671000000000,30349000000000,20639000000000,8859200000000,56.1904,139.94,0.052989999999999995,0.83545,0.6055,32.6184,-26.4612,-6.74786,0.8650899999999999,0.58207,23.9382,1.1590799999999999,-17.1268,0.6744,44790000000000,37370000000000,42110000000000.0,42110000000000.0,522.26,555.36,0.6343,16690.0,15090.0,4152.0,2765.0,3121.0,1.0,1.0,1.0,42110000000000.0,522.26,522.26
15,1.00035,3060312809,0.0,-1,2,-1,-1,-1,0,43758300000000.0,41560000000000.0,716.87,87.747,592.87,1,0.4683,576.51,44.91338,49.97408,37.49146,-265.73,-133.4,490.89,41100000000000.0,763300000000000.0,-41490000000000.0,0.035460000000000005,91292657,91292657,3060312809,1873000,180,-1,91344527,91292835,87.7466,42270000000000,47259000000000,35175000000000,27503000000000,11490000000000,23.913,55.89,0.03637,0.6358199999999999,0.45793999999999996,7.052630000000001,-6.86234,39.8085,0.5593,0.39061999999999997,4.91391,-7.15419,31.4559,0.601,47610000000000,26820000000000,41560000000000.0,43670000000000.0,576.51,629.39,0.4743,-953.8,-1167.0,-817.6,273.1,2712.0,0.8204,1.0,1.0,41560000000000.0,576.51,557.74
16,1.00035,3058464726,0.0,-1,4,-1,-1,-1,0,40700000000000.0,40700000000000.0,711.86,124.688,561.92,1,0.6523,535.83,5.13626,28.726129999999998,22.08778,187.32,225.64,-272.2,223300000000000.0,121200000000000.0,145400000000000.0,0.01346,92572403,92572403,3058464726,24917,180,-1,92610001,92572581,126.36200000000001,40968000000000,44481000000000,33163000000000,22372000000000,8890000000000,60.9569,7.86,0.0144,0.82424,0.5180600000000001,20.3821,25.9403,23.8102,0.89592,0.53033,14.1894,13.5771,21.1161,0.5956,42620000000000,31860000000000,40700000000000.0,40700000000000.0,535.83,605.36,0.6463,715.4,452.6,2124.0,3223.0,3411.0,1.0,1.0,1.0,40700000000000.0,535.83,535.83
17,1.00035,3058454339,0.0,-1,3,-1,-1,-1,0,40780200000000.0,40610000000000.0,711.316,176.756,552.52,1,0.8113,505.97,10.592789999999999,14.2714,13.17731,127.7,168.63,9.91,251000000000000.0,-774300000000000.0,21260000000000.0,0.03381,92765966,92765966,3058454339,14530,180,-1,92800346,92766144,202.00799999999998,40644000000000,48213000000000,28678000000000,18879000000000,7825900000000,67.6455,74.69,0.04022,0.73117,0.62211,35.8919,-12.8849,-13.6913,0.6322399999999999,0.50731,23.1197,-15.312999999999999,-8.57064,0.6392,40790000000000,40420000000000,40610000000000.0,40820000000000.0,505.97,565.21,0.5804,1192.0,700.0,2054.0,2939.0,2756.0,0.9073,1.0,1.0,40610000000000.0,505.97,519.53
18,1.00035,3060089907,0.0,-1,3,-1,-1,-1,0,38760000000000.0,38760000000000.0,700.353,136.909,580.49,1,0.5683,526.55,41.22725,14.964310000000001,22.28815,2.18,234.0,-184.31,-750800000000000.0,279300000000000.0,-501600000000000.0,0.0406,95262327,95262327,3060089907,1650098,180,-1,95289754,95262505,125.274,38759000000000,43365000000000,32404000000000,20892000000000,6746800000000,68.083,90.39,0.050460000000000005,0.52854,0.50073,-28.4346,12.0555,47.2882,0.5755600000000001,0.51008,-20.7043,-3.24773,31.2382,0.6874,41250000000000,33650000000000,38760000000000.0,38760000000000.0,526.55,542.92,0.6704,1431.0,1053.0,4482.0,3361.0,3847.0,1.0,1.0,1.0,38760000000000.0,526.55,526.55
19,1.00035,3058441777,0.0,-1,2,-1,-1,-1,0,40666900000000.0,37180000000000.0,690.727,64.112,593.26,1,0.5683,580.56,23.79336,4.39741,9.76247,-139.75,185.64,-267.04,150600000000000.0,88430000000000.0,17120000000000.0,0.01031,97583578,97583578,3058441777,1968,180,-1,97634633,97583752,68.6469,37356000000000,39373000000000,33613000000000,25877000000000,12821000000000,22.2127,15.2,0.01004,0.8845,0.6826399999999999,3.30747,0.10705,35.6009,0.7687,0.6049899999999999,0.31955,-1.77015,29.8615,0.5924,44980000000000,19660000000000,37180000000000.0,40760000000000.0,580.56,757.89,0.5624,1908.0,1829.0,1750.0,734.5,0.0,0.6643,1.0,1.0,37180000000000.0,580.56,605.3
20,1.00035,3058659651,0.0,-1,2,-1,-1,-1,0,36280800000000.0,35650000000000.0,681.097,391.339,494.48,1,0.7783,477.3,20.4185,45.00933,11.624830000000001,-297.41,180.68,23.4,205700000000000.0,70220000000000.0,-794600000000000.0,0.03882,99833786,99833786,3058659651,219842,180,-1,99852955,99833964,242.632,35800000000000,41343000000000,24832000000000,9793900000000,3371200000000,98.1963,152.4,0.05056,0.30564,0.25611,-38.1198,43.8953,-12.8563,0.84811,0.78981,-7.66233,19.979,2.86517,0.6508,35720000000000,44870000000000,35650000000000.0,36270000000000.0,477.3,534.09,0.7423,953.8,1881.0,-289.1,4813.0,4911.0,0.8504,1.0,1.0,35650000000000.0,477.3,532.78
21,1.00035,3058452953,0.0,-1,1,-1,-1,-1,0,34818000000000.0,33510000000000.0,667.21,91.323,552.12,1,0.5803,526.66,8.32623,23.28944,16.857429999999997,62.99,209.6,-125.33,-145800000000000.0,531300000000000.0,-384200000000000.0,0.04198,102903658,102903658,3058452953,13144,180,-1,102934292,102903833,89.8656,33558000000000,43064000000000,27604000000000,20475000000000,9004200000000,28.0334,82.99,0.0457,0.8951899999999999,0.81913,33.2662,-0.5433,3.53344,0.87946,0.70565,23.8919,9.59522,-5.19254,0.631,36090000000000,22540000000000,33510000000000.0,34810000000000.0,526.66,612.94,0.5744,8346.0,8077.0,2627.0,271.4,278.6,0.7064,1.0,1.0,33510000000000.0,526.66,558.08
22,1.00035,3060117217,0.0,-1,3,-1,-1,-1,0,35973600000000.0,33420000000000.0,666.626,77.971,549.66,1,0.6103,534.16,36.60722,17.59564,47.97979,33.12,45.17,-173.85,-109200000000000.0,511400000000000.0,-546600000000000.0,0.05115,103195661,103195661,3060117217,1677408,180,-1,103239968,103195831,83.0965,33430000000000,37536000000000,28735000000000,20932000000000,9989900000000,15.2361,15.07,0.05169,0.8433700000000001,0.6337,34.6548,-4.11892,-1.47355,0.74368,0.54715,27.729,-3.8766599999999998,-1.92618,0.5914,36880000000000,19950000000000,33420000000000.0,35890000000000.0,534.16,608.74,0.5924,953.8,652.6,383.6,-506.6,940.9,0.7543,1.0,1.0,33420000000000.0,534.16,546.51
23,1.00035,3058464814,0.0,-1,3,-1,-1,-1,0,32550000000000.0,32550000000000.0,660.781,92.781,528.79,1,0.1143,519.2,28.98388,22.07872,19.32665,-92.2,138.73,-163.43,201200000000000.0,-205500000000000.0,28230000000000.0,0.02023,104916861,104916861,3058464814,25005,180,-1,104952040,104917036,91.1981,32581000000000,36836000000000,26358000000000,18944000000000,9145800000000,6.60838,31.86,0.020630000000000003,0.64113,0.5554100000000001,8.22105,6.639710000000001,33.8728,0.61678,0.50764,8.23307,5.4994,25.3175,0.5812,33790000000000,21650000000000,32550000000000.0,32550000000000.0,519.2,554.61,0.4864,0.0,100.0,1221.0,1827.0,1480.0,0.9973,1.0,1.0,32550000000000.0,519.2,519.04
24,1.00035,3060090160,0.0,-1,2,-1,-1,-1,0,31170000000000.0,31170000000000.0,651.308,99.065,538.94,1,0.2343,510.21,47.535920000000004,14.21005,13.435120000000001,-175.77,465.48,-65.27,36200000000000.0,217800000000000.0,-117300000000000.0,0.0169,107207063,107207063,3060090160,1650351,180,-1,107229804,107207241,91.3756,31232000000000,34550000000000,25613000000000,17970000000000,7725700000000,13.5809,196.02,0.019190000000000002,0.80904,0.5869800000000001,26.1927,27.6665,-4.07329,0.83835,0.5171899999999999,20.2984,20.868000000000002,-1.42042,0.65,32750000000000,21570000000000,31170000000000.0,31170000000000.0,510.21,510.21,0.5103,1908.0,2143.0,4327.0,2781.0,2560.0,1.0,1.0,1.0,31170000000000.0,510.21,510.21
25,1.00035,3060076468,0.0,-1,2,-1,-1,-1,0,30610000000000.0,30610000000000.0,647.378,166.442,530.28,1,0.3123,467.26,49.66642,18.89648,0.30882,-226.81,179.45,-194.5,-118100000000000.0,-383500000000000.0,424200000000000.0,0.03582,108265335,108265335,3060076468,1636659,180,-1,108291436,108265511,158.04,30732000000000,44652000000000,22618000000000,13855000000000,6553800000000,31.3381,124.53,0.046189999999999995,0.6292399999999999,0.43281000000000003,13.3654,29.0528,1.63491,0.81066,0.56134,3.44551,17.4843,8.21284,0.703,36810000000000,31470000000000,30610000000000.0,30610000000000.0,467.26,530.31,0.6944,0.0,690.7,2701.0,2510.0,3434.0,0.9973,1.0,1.0,30610000000000.0,467.26,467.24
26,1.00035,3060286872,0.0,-1,2,-1,-1,-1,0,30737900000000.0,30020000000000.0,643.199,111.886,524.99,1,0.6883,486.92,47.9507,40.25685,10.30395,28.7,-220.13,213.07,-43710000000000.0,-406900000000000.0,451100000000000.0,0.04294,109528093,109528093,3060286872,1847063,180,-1,109550265,109528271,110.094,30165000000000,35998000000000,23909000000000,16820000000000,6835800000000,30.9045,45.59,0.04977,0.8104100000000001,0.69587,-17.8802,-18.8047,26.7601,0.72012,0.60348,-13.2153,-12.2813,21.9336,0.6509999999999999,30530000000000,23150000000000,30020000000000.0,30300000000000.0,486.92,515.31,0.6643,-2146.0,-156.7,683.0,1787.0,2977.0,0.9344,1.0,1.0,30020000000000.0,486.92,471.32
27,1.00035,3060102641,0.0,-1,3,-1,-1,-1,0,29700000000000.0,29700000000000.0,640.889,184.212,509.73,1,0.6883,452.9,46.04247,12.32997,34.79392,-84.72,-15.11,14.94,-296600000000000.0,-342200000000000.0,-105700000000000.0,0.02963,110147511,110147511,3060102641,1662832,180,-1,110177931,110147689,198.00900000000001,29741000000000,44729000000000,19154000000000,12541000000000,6067700000000,42.8914,121.32,0.038689999999999995,0.58478,0.44104,-9.8499,30.6935,-23.1262,0.58834,0.43083999999999995,-8.504769999999999,19.5071,-16.7254,0.6940000000000001,36820000000000,36980000000000,29700000000000.0,29700000000000.0,452.9,561.99,0.6764,8346.0,7016.0,1156.0,1374.0,3806.0,1.0,1.0,1.0,29700000000000.0,452.9,452.9
28,1.00035,3058441472,0.0,-1,3,3058441456,3058441456,-1,0,28630000000000.0,28630000000000.0,633.105,97.488,542.12,1,0.5623,490.89,25.67031,14.36958,6.823239999999999,154.38,-341.44,-459.98,-423200000000000.0,-126100000000000.0,-81390000000000.0,0.03305,112384957,112384957,3058441472,1663,180,-1,112416847,112385135,93.9981,28635000000000,33221000000000,23234000000000,16855000000000,7167300000000,14.2753,50.0,0.03971,0.94709,0.7412,20.3917,17.6296,-14.0925,0.7724300000000001,0.6575,10.8316,20.5578,-5.80304,0.6908,29590000000000,20260000000000,27690000000000.0,29260000000000.0,494.28,553.74,0.5564,-3338.0,-4126.0,1765.0,1033.0,968.2,0.9943,0.9640000000000001,0.9640000000000001,27690000000000.0,494.28,495.18
29,1.00035,3058477425,0.0,-1,1,-1,-1,-1,0,27950000000000.0,27950000000000.0,628.068,259.12,513.13,1,0.8413,444.04,12.97702,27.601409999999998,32.45397,-244.26,189.71,-455.21,723300000000000.0,-588200000000000.0,401200000000000.0,0.06241,113825938,113825938,3058477425,37616,180,-1,113839691,113826116,192.81099999999998,27958000000000,32318000000000,19471000000000,9532300000000,4652100000000,149.368,122.11,0.09342,0.55537,0.37759000000000004,30.4422,22.8899,-21.3617,0.5686100000000001,0.44296,-8.90095,0.08557999999999999,22.0643,0.7552,28010000000000,37590000000000,27950000000000.0,27950000000000.0,444.04,495.94,0.8474,238.5,552.6,6162.0,5294.0,3912.0,1.0,1.0,1.0,27950000000000.0,444.04,444.04
30,1.00035,3060117573,0.0,-1,2,-1,-1,-1,0,27610000000000.0,27610000000000.0,625.492,126.919,495.35,1,0.7243,463.65,38.42223,33.07689,44.7025,71.25,147.48,-186.37,266700000000000.0,244700000000000.0,86250000000000.0,0.031010000000000003,114614067,114614067,3060117573,1677764,180,-1,114637796,114614244,123.251,27699000000000,30496000000000,21734000000000,14630000000000,5850500000000,32.2929,62.08,0.034960000000000005,0.52005,0.40258,0.6955899999999999,-9.996319999999999,41.8163,0.49577,0.39083,-0.71018,-6.99098,29.1838,0.6232,28280000000000,23990000000000,27610000000000.0,27610000000000.0,463.65,507.0,0.7124,0.0,0.0,897.1,2359.0,2971.0,0.9913,1.0,1.0,27610000000000.0,463.65,466.65
31,1.00035,3058670835,0.0,-1,1,-1,-1,-1,0,26263300000000.0,26210000000000.0,614.695,112.107,483.74,1,0.5223,459.12,7.817,34.263729999999995,32.357240000000004,442.29,-132.81,-330.22,100800000000000.0,-97330000000000.0,-66150000000000.0,0.01365,118096569,118096569,3058670835,231026,180,-1,118121299,118096747,114.882,26217000000000,34128000000000,18453000000000,13348000000000,6004700000000,15.8465,41.31,0.015880000000000002,0.60193,0.58238,27.016,0.8719600000000001,23.5376,0.57121,0.5635899999999999,18.9728,-0.33848,18.3346,0.6376,30630000000000,19130000000000,26210000000000.0,26270000000000.0,459.12,504.1,0.4803,4531.0,2729.0,668.1,2023.0,1669.0,0.9254,1.0,0.504,13950000000000.0,463.5,452.09
32,1.00035,3060287157,0.0,-1,3,-1,-1,-1,0,25970000000000.0,25970000000000.0,612.895,170.616,498.66,1,0.6343,445.74,46.61698,40.41408,11.60998,138.54,-258.29,-324.31,67540000000000.0,-14430000000000.0,-474100000000000.0,0.03188,118736344,118736344,3060287157,1847348,180,-1,118751658,118736520,139.941,25982000000000,33964000000000,19308000000000,13022000000000,3373800000000,58.9685,136.05,0.04983,0.6553399999999999,0.53141,41.2236,11.9615,-13.1377,0.34356,0.27924,33.5139,14.7551,-11.5013,0.7856,27980000000000,28660000000000,25970000000000.0,25970000000000.0,445.74,450.79,0.6103,3577.0,4287.0,3429.0,1420.0,1216.0,1.0,1.0,1.0,25970000000000.0,445.74,445.74
33,1.00035,3058453419,0.0,-1,2,-1,-1,-1,0,25706700000000.0,25170000000000.0,606.487,248.786,486.25,1,0.8893,422.42,10.9341,20.56504,14.497829999999999,129.07,123.99,-80.25,-68290000000000.0,368700000000000.0,-994700000000000.0,0.06359,120627405,120627405,3058453419,13610,180,-1,120644641,120627584,279.535,25269000000000,34010000000000,15518000000000,10387000000000,4221500000000,85.5673,178.0,0.11653,0.53592,0.41984,37.4927,24.9941,7.30543,0.91395,0.71097,10.5656,8.92919,19.2752,0.8356,27990000000000,36910000000000,25170000000000.0,25860000000000.0,422.42,430.26,0.6463,2862.0,147.4,3495.0,2810.0,2295.0,0.9734,1.0,1.0,25170000000000.0,422.42,429.51
34,1.00035,3060117356,0.0,-1,1,-1,-1,-1,0,24790000000000.0,24790000000000.0,603.398,75.072,489.57,1,0.3963,478.34,39.96875,6.65177,43.7894,229.47,85.04,-50.56,-294500000000000.0,138300000000000.0,310000000000000.0,0.050230000000000004,121527429,121527429,3060117356,1677547,180,-1,121552102,121527607,79.464,24790000000000,26661000000000,21532000000000,15373000000000,6795200000000,40.4351,11.54,0.050539999999999995,0.77664,0.55837,24.8283,6.80318,23.2324,0.6137600000000001,0.5027699999999999,14.5856,0.63957,23.0166,0.5798,28130000000000,15470000000000,24790000000000.0,24790000000000.0,478.34,515.98,0.4563,715.4,890.7,1291.0,1392.0,1186.0,1.0,1.0,1.0,24790000000000.0,478.34,478.34
35,1.00035,3060077282,0.0,-1,2,-1,-1,-1,0,22800000000000.0,22800000000000.0,586.795,57.132,494.22,1,0.3903,499.89,37.45428,25.3961,6.05316,-99.96,36.97,43.12,85680000000000.0,-84370000000000.0,156900000000000.0,0.02645,127242424,127242424,3060077282,1637473,180,-1,127263676,127242600,54.9495,22796000000000,24693000000000,18779000000000,14676000000000,8198500000000,8.9138,23.99,0.02556,0.82296,0.51862,15.8561,19.8716,8.35708,0.80014,0.48091999999999996,16.2084,12.318,7.84674,0.58,26010000000000,12400000000000,22800000000000.0,22800000000000.0,499.89,532.51,0.4023,953.8,1053.0,1700.0,1318.0,1050.0,1.0,1.0,1.0,22800000000000.0,499.89,499.89
36,1.00035,3060312557,0.0,-1,2,-1,-1,-1,0,21373300000000.0,21300000000000.0,573.643,88.376,454.62,1,0.4383,443.32,44.91538,48.06536,37.25225,-300.06,606.5,317.04,-78530000000000.0,47260000000000.0,-123700000000000.0,0.02104,131490446,131490446,3060312557,1872748,180,-1,131512944,131490620,86.7753,21493000000000,23970000000000,16990000000000,12291000000000,5352100000000,44.2617,43.37,0.0223,0.5077699999999999,0.44766999999999996,-21.0019,17.9114,27.4737,0.55183,0.47193999999999997,-14.413,15.1732,17.156,0.5974,21820000000000,15080000000000,21300000000000.0,21450000000000.0,443.32,488.24,0.4743,238.5,238.1,523.5,955.8,580.5,0.9883,1.0,1.0,21300000000000.0,443.32,441.51
37,1.00035,3058476705,0.0,-1,3,-1,-1,-1,0,22114500000000.0,21230000000000.0,573.083,51.884,483.87,1,0.3783,490.87,14.118910000000001,25.83145,36.32996,40.65,74.31,-192.64,-174400000000000.0,-39320000000000.0,-58570000000000.0,0.02932,131648569,131648569,3058476705,36896,180,-1,131671710,131648747,52.4139,21457000000000,23700000000000,18378000000000,14986000000000,7615300000000,8.39012,25.51,0.02737,0.8339799999999999,0.61244,-7.2226300000000005,-6.672789999999999,24.5855,0.74805,0.5444399999999999,-6.353940000000001,-5.72354,20.7761,0.564,26360000000000,11480000000000,21230000000000.0,22240000000000.0,490.87,516.8,0.3903,238.5,176.3,-109.8,300.9,777.3,0.8324,1.0,1.0,21230000000000.0,490.87,483.87
38,1.00035,3058648438,0.0,-1,3,-1,-1,-1,0,22309700000000.0,20680000000000.0,568.082,118.356,438.66,1,0.6883,415.99,28.093320000000002,34.84186,5.11034,-297.94,132.01,210.07,227900000000000.0,-127800000000000.0,-80320000000000.0,0.03772,133256651,133256651,3058648438,208629,180,-1,133281580,133256829,122.65,20735000000000,24291000000000,15687000000000,10134000000000,4622900000000,53.6068,35.79,0.041569999999999996,0.80547,0.63581,-10.1517,27.6149,6.55778,0.63572,0.5281100000000001,-7.23297,13.5518,15.9624,0.5996,20750000000000,17690000000000,20680000000000.0,22310000000000.0,415.99,487.29,0.6824,-238.5,-290.7,-652.9,775.4,2359.0,0.8773,1.0,1.0,20680000000000.0,415.99,449.78
39,1.00035,3058454494,0.0,-1,2,-1,-1,-1,0,20980000000000.0,20170000000000.0,563.332,170.612,484.63,1,0.8923,393.33,10.89155,23.549129999999998,14.74971,-151.38,239.91,587.85,-609700000000000.0,-675300000000000.0,242400000000000.0,0.08163,134766715,134766715,3058454494,14685,180,-1,134773231,134766887,220.887,20300000000000,25007000000000,13685000000000,8634600000000,3011900000000,118.458,262.09,0.14929,0.6964199999999999,0.60314,27.7205,-19.162,27.9996,0.56466,0.38645,24.5445,-18.0937,7.68138,0.8378,20890000000000,23670000000000,20170000000000.0,21010000000000.0,393.33,403.93,0.7603,953.8,876.3,5291.0,2551.0,3146.0,0.9494,1.0,1.0,20170000000000.0,393.33,403.93
40,1.00035,3060076925,0.0,-1,2,-1,-1,-1,0,20366700000000.0,20070000000000.0,562.393,491.339,423.62,1,0.8083,392.06,43.174459999999996,12.274280000000001,12.81899,-17.45,410.44,-133.11,315200000000000.0,-114500000000000.0,236700000000000.0,0.04217,135053354,135053354,3060076925,1637116,180,-1,135063461,135053532,235.37599999999998,20071000000000,23536000000000,11306000000000,4874400000000,1458400000000,82.4856,103.57,0.06563,0.26309,0.19816,30.3574,47.7824,-21.8374,0.57375,0.43815,-11.4114,-13.8292,13.4837,0.7406,20230000000000,38900000000000,20070000000000.0,20390000000000.0,392.06,407.05,0.8024,-1908.0,-1967.0,1940.0,3252.0,2902.0,0.9674,1.0,1.0,20070000000000.0,392.06,398.82
41,1.00035,3058442129,0.0,-1,1,-1,-1,-1,0,18653300000000.0,18450000000000.0,546.847,90.096,435.12,1,0.7303,422.16,26.0934,10.88561,7.30438,-85.89,314.16,-64.79,-38580000000000.0,280400000000000.0,-5658000000000.0,0.048369999999999996,140937555,140937555,3058442129,2320,180,-1,140956808,140937733,83.2292,18496000000000,20443000000000,15185000000000,10966000000000,4037800000000,24.3947,126.24,0.052079999999999994,0.80588,0.65466,-11.1746,28.7907,10.966,0.73078,0.55728,-10.7738,20.1914,10.6138,0.6046,19710000000000,14130000000000,18450000000000.0,18670000000000.0,422.16,471.44,0.6343,476.9,514.4,24.87,577.7,1597.0,0.8833,1.0,1.0,18450000000000.0,422.16,398.12
42,1.00035,3060117774,0.0,-1,4,-1,-1,-1,0,18060000000000.0,18060000000000.0,542.994,66.289,437.64,1,0.4683,433.01,36.18055,9.92715,40.28103,130.92,140.03,-82.21,2829000000000.0,-6469000000000.0,-150500000000000.0,0.028839999999999998,142265268,142265268,3060117774,1677965,180,-1,142283351,142265446,69.358,18066000000000,20865000000000,15105000000000,11386000000000,5273200000000,7.28131,7.51,0.02872,0.76718,0.66984,-1.58016,-14.2641,23.3459,0.64531,0.55676,-0.96436,-12.2662,18.3203,0.5736,19910000000000,11230000000000,18060000000000.0,18060000000000.0,433.01,476.27,0.4563,953.8,952.6,358.8,432.0,527.9,1.0,1.0,1.0,18060000000000.0,433.01,433.01
43,1.00035,3058659805,0.0,-1,1,-1,-1,-1,0,23780000000000.0,17740000000000.0,539.756,528.839,417.65,1,0.7903,375.94,17.88566,47.32378,10.99339,43.95,267.97,126.34,-364600000000000.0,42420000000000.0,398200000000000.0,0.06556000000000001,143320679,143320679,3058659805,219996,180,-1,143331298,143320852,247.709,17952000000000,25473000000000,8300100000000,4505000000000,2000000000000,131.907,133.31,0.10633,0.15908,0.11699000000000001,-30.0792,48.7175,-7.049980000000001,0.75894,0.57447,-5.29228,15.1155,-3.57596,0.7656,20960000000000,32670000000000,17740000000000.0,23870000000000.0,375.94,454.38,0.7783,-8108.0,-10690.0,-2342.0,2286.0,3118.0,0.8953,1.0,1.0,17740000000000.0,375.94,444.39
44,1.00035,3058672662,0.0,-1,2,-1,-1,-1,0,17480000000000.0,17480000000000.0,537.092,60.259,447.22,1,0.4323,438.42,0.21753000000000003,37.28593,31.53613,116.87,40.23,-432.99,2634000000000.0,58180000000000.0,1023000000000.0,0.01158,144170620,144170620,3058672662,232853,180,-1,144191493,144170796,61.1188,17482000000000,19224000000000,15254000000000,11533000000000,5350200000000,20.7131,23.59,0.01172,0.88197,0.65736,22.320999999999998,-21.7063,-8.418439999999999,0.8678100000000001,0.70944,-17.355,18.1373,-1.21486,0.596,20250000000000,10430000000000,17480000000000.0,17480000000000.0,438.42,460.93,0.4384,476.9,738.1,1172.0,980.1,831.8,1.0,1.0,1.0,17480000000000.0,438.42,438.42
45,1.00035,3058465600,0.0,-1,2,-1,-1,-1,0,17596700000000.0,17180000000000.0,533.969,65.221,434.02,1,0.1323,429.6,14.30746,27.35884,29.41129,-410.95,156.25,-230.16,-16480000000000.0,40660000000000.0,79500000000000.0,0.0187,145055261,145055261,3058465600,25791,180,-1,145072940,145055439,65.2213,17198000000000,19925000000000,13649000000000,10232000000000,5127600000000,15.7718,11.17,0.01882,0.87974,0.70863,6.8453,22.8712,6.03257,0.87766,0.64808,6.814769999999999,17.2647,5.033919999999999,0.5806,17920000000000,10260000000000,17180000000000.0,17600000000000.0,429.6,455.1,0.4444,-715.4,-614.4,129.7,830.1,921.4,0.9163,1.0,1.0,17180000000000.0,429.6,437.52
46,1.00035,3058453139,0.0,-1,1,-1,-1,-1,0,20212700000000.0,17000000000000.0,532.141,66.014,424.16,1,0.4623,425.72,12.92736,18.62964,14.251320000000002,-152.97,205.62,138.91,181300000000000.0,233600000000000.0,-182900000000000.0,0.07499,145658874,145658874,3058453139,13330,180,-1,145680216,145659052,66.8713,17020000000000,19019000000000,14718000000000,10672000000000,5013700000000,15.321,29.61,0.0733,0.9568,0.79598,18.6999,12.9906,16.0657,0.8349200000000001,0.6774100000000001,17.8811,8.0003,11.5449,0.5594,19050000000000,10680000000000,17000000000000.0,20180000000000.0,425.72,494.82,0.5103,2385.0,1276.0,343.9,166.0,0.0,0.6223,1.0,1.0,17000000000000.0,425.72,477.22
47,1.00035,3060311822,0.0,-1,1,-1,-1,-1,0,17026700000000.0,16390000000000.0,525.668,96.778,415.14,1,0.7123,397.85,42.60918,46.70212,38.922129999999996,145.93,838.61,-201.82,-137900000000000.0,-73380000000000.0,-176000000000000.0,0.04527,148157270,148157270,3060311822,1872013,180,-1,148171361,148157446,90.1055,16641000000000,19782000000000,12613000000000,8614400000000,4111800000000,28.131,120.86,0.05272999999999999,0.89049,0.51858,18.0656,8.147680000000001,-18.6505,0.80398,0.46555,14.3956,7.276730000000001,-12.4555,0.6568,16540000000000,12870000000000,16390000000000.0,17090000000000.0,397.85,444.94,0.7064,0.0,-790.7,423.6,1468.0,1887.0,0.9344,1.0,1.0,16390000000000.0,397.85,391.97
48,1.00035,3060090809,0.0,-1,3,-1,-1,-1,0,15410000000000.0,15410000000000.0,514.933,97.207,408.21,1,0.7903,388.5,42.503640000000004,16.25926,16.380020000000002,-30.9,216.85,-96.77,-201000000000000.0,5794000000000.0,-4486000000000.0,0.04458,152701308,152701308,3060090809,1651000,180,-1,152720588,152701486,90.0562,15405000000000,17289000000000,11914000000000,7795800000000,3819500000000,17.9871,44.42,0.04997,0.52463,0.4434,-8.27647,27.7703,19.9807,0.4368,0.38795999999999997,-6.04263,19.9442,15.629000000000001,0.6212,15610000000000,12390000000000,15410000000000.0,15410000000000.0,388.5,425.67,0.7723,476.9,400.0,787.7,2113.0,1768.0,1.0,1.0,1.0,15410000000000.0,388.5,388.5
49,1.00035,3060077448,0.0,-1,1,-1,-1,-1,0,14690000000000.0,14690000000000.0,506.828,47.145,443.95,1,0.3963,434.9,42.61578,4.02124,13.08313,-194.14,350.7,-203.59,19600000000000.0,-13780000000000.0,25090000000000.0,0.00911,156041339,156041339,3060077448,1637639,180,-1,156058681,156041513,45.9943,14700000000000,16428000000000,12385000000000,9803800000000,5405400000000,16.1162,17.14,0.00933,0.72165,0.51908,24.6985,-14.1012,12.7179,0.75889,0.50167,20.3222,-10.2264,9.988560000000001,0.6276,17260000000000,7884000000000,14690000000000.0,14690000000000.0,434.9,472.37,0.4204,715.4,676.3,962.1,949.1,831.8,1.0,1.0,1.0,14690000000000.0,434.9,434.9
50,1.00035,3060103045,0.0,-1,4,-1,-1,-1,0,14550000000000.0,14550000000000.0,505.175,58.453,404.77,1,0.3363,414.06,46.15202,8.98697,39.37835,-100.27,12.59,-19.1,13410000000000.0,161900000000000.0,-36150000000000.0,0.04703,156794158,156794158,3060103045,1663236,180,-1,156812413,156794336,56.3723,14725000000000,16067000000000,11828000000000,8960600000000,4603200000000,10.347999999999999,45.02,0.04551,0.81484,0.57216,25.6216,0.82935,-0.8667,0.80952,0.54301,18.9459,3.6174699999999995,-5.36845,0.5566,15550000000000,8532000000000,14550000000000.0,14550000000000.0,414.06,431.0,0.4623,715.4,714.4,478.5,425.4,70.13,1.0,1.0,1.0,14550000000000.0,414.06,414.06
51,1.00035,3060117882,0.0,-1,1,-1,-1,-1,0,13950000000000.0,13920000000000.0,497.86,58.579,407.98,1,0.2823,406.73,43.543929999999996,2.3368900000000004,48.01517,194.91,24.69,-195.85,-123500000000000.0,-96690000000000.0,-152500000000000.0,0.06404,159906659,159906659,3060117882,1678073,180,-1,159919516,159906837,56.4312,14303000000000,15169000000000,11035000000000,8494200000000,4379600000000,28.9721,30.65,0.06434,0.9465899999999999,0.59512,18.3692,-12.4121,-6.1651,0.90666,0.53895,14.0826,-12.1512,0.30221,0.5848,14700000000000,8238000000000,13920000000000.0,13980000000000.0,406.73,406.73,0.4264,715.4,261.9,633.0,681.6,926.7,0.9704,1.0,1.0,13920000000000.0,406.73,404.44
52,1.00035,3058684196,0.0,-1,1,-1,-1,-1,0,13700000000000.0,13700000000000.0,495.126,55.99,409.55,1,0.3063,407.74,16.33021,45.416709999999995,36.32577,-135.64,99.95,-488.45,25370000000000.0,-28210000000000.0,109600000000000.0,0.03501,161024689,161024689,3058684196,244387,180,-1,161041138,161024867,54.0406,13710000000000,14931000000000,11453000000000,9080900000000,4178200000000,14.0564,33.31,0.03506,0.7934399999999999,0.60551,14.47,22.8847,3.8658300000000003,0.66803,0.53233,8.74483,20.3765,4.63854,0.589,15790000000000,8398000000000,13700000000000.0,13700000000000.0,407.74,463.27,0.4503,953.8,738.1,922.2,705.0,436.4,1.0,1.0,1.0,13700000000000.0,407.74,407.74
53,1.00035,3060288485,0.0,-1,1,-1,-1,-1,0,13650000000000.0,13650000000000.0,494.539,134.266,373.02,1,0.6043,352.45,39.76664,48.38799,6.17368,-86.18,-201.05,176.59,-148200000000000.0,-51480000000000.0,-15480000000000.0,0.04138,161280257,161280257,3060288485,1848676,180,-1,161289088,161280433,137.344,13650000000000,15822000000000,10133000000000,6359300000000,2360800000000,30.0806,58.95,0.04793,0.8575,0.70399,27.6296,11.7239,-2.19287,0.78572,0.45478,13.3164,16.5491,-2.94499,0.6168,13690000000000,14430000000000,13650000000000.0,13650000000000.0,352.45,370.91,0.5984,715.4,614.4,1515.0,635.1,852.3,1.0,1.0,1.0,13650000000000.0,352.45,352.45
54,1.00035,3060299811,0.0,-1,1,-1,-1,-1,0,13190000000000.0,13190000000000.0,488.945,62.265,413.01,1,0.4563,391.12,49.807590000000005,48.89698,23.97895,-201.37,-138.9,-87.19,-214900000000000.0,-14160000000000.0,196800000000000.0,0.08219,163334235,163334235,3060299811,1860002,180,-1,163346331,163334410,61.4727,13270000000000,14990000000000,9853700000000,7316200000000,3893100000000,65.4529,60.75,0.09391000000000001,0.85645,0.6117,13.7172,7.91075,19.2852,0.63679,0.51662,18.6627,1.42821,7.82626,0.6624,13200000000000,7725000000000,13190000000000.0,13190000000000.0,391.12,433.64,0.4743,2862.0,3434.0,1971.0,1233.0,990.4,1.0,1.0,1.0,13190000000000.0,391.12,391.12
55,1.00035,3060077105,0.0,-1,2,-1,-1,-1,0,12530000000000.0,12530000000000.0,480.717,93.839,442.57,1,0.5443,365.03,44.29488,12.531889999999999,13.05115,-315.84,241.94,130.66,53710000000000.0,-232100000000000.0,-164200000000000.0,0.04396,166960769,166960769,3060077105,1637296,180,-1,166974176,166960944,80.7313,12838000000000,14055000000000,9986200000000,7105700000000,2393900000000,32.2313,120.57,0.10138,0.9324100000000001,0.5989899999999999,26.0302,-8.988669999999999,-1.33703,0.60844,0.38376,-5.38811,16.1059,13.8016,0.9108,13020000000000,10680000000000,12530000000000.0,12530000000000.0,365.03,375.32,0.5444,953.8,1267.0,2192.0,1194.0,695.6,1.0,1.0,1.0,12530000000000.0,365.03,365.03
56,1.00035,3058477640,0.0,-1,2,-1,-1,-1,0,12360000000000.0,12360000000000.0,478.524,105.122,404.33,1,0.8803,367.58,27.25027,19.68226,38.18408,-19.68,151.43,-256.47,-57120000000000.0,11220000000000.0,5849000000000.0,0.015719999999999998,167996934,167996934,3058477640,37831,180,-1,168005030,167997112,74.9667,12398000000000,12823000000000,11013000000000,6731700000000,1458800000000,90.2569,16.55,0.02097,0.41068999999999994,0.29120999999999997,17.2397,39.9356,25.8877,0.36984,0.26805999999999996,10.1849,25.1386,16.5285,0.723,14100000000000,11880000000000,12360000000000.0,12360000000000.0,367.58,437.96,0.8593,476.9,476.3,3056.0,2099.0,1693.0,1.0,1.0,1.0,12360000000000.0,367.58,367.58
57,1.00035,3060077543,0.0,-1,1,-1,-1,-1,0,12180000000000.0,12180000000000.0,476.163,64.354,376.11,1,0.2703,374.65,38.162259999999996,10.56103,11.189630000000001,-53.29,288.51,-102.88,50690000000000.0,-7457000000000.0,-211800000000.0,0.01873,169143175,169143175,3060077543,1637734,180,-1,169153469,169143352,65.2382,12271000000000,13187000000000,10081000000000,7584900000000,3238000000000,19.7535,15.01,0.01883,0.75473,0.62103,3.7580699999999996,13.815,26.8062,0.61101,0.49872,4.79624,9.07445,22.6491,0.5686,13130000000000,8114000000000,12180000000000.0,12180000000000.0,374.65,409.56,0.4864,953.8,990.7,468.6,254.8,64.28,1.0,1.0,1.0,12180000000000.0,374.65,374.65
58,1.00035,3058441797,0.0,-1,1,-1,-1,-1,0,11770000000000.0,11770000000000.0,470.772,95.556,377.5,1,0.5563,347.54,8.9969,0.70775,8.12191,84.53,-362.4,67.42,-6022000000000.0,-29220000000000.0,104800000000000.0,0.03621,171501729,171501729,3058441797,1988,180,-1,171513801,171501907,95.5604,11974000000000,13835000000000,9452500000000,5885800000000,2510600000000,36.1964,69.02,0.04239,0.67877,0.49078999999999995,-15.2185,-1.51801,25.9754,0.89249,0.52558,-5.7057400000000005,-0.9988600000000001,18.4823,0.6492,12040000000000,10200000000000,11770000000000.0,11770000000000.0,347.54,347.54,0.5804,953.8,690.7,939.2,679.3,788.4,1.0,1.0,1.0,11770000000000.0,347.54,347.54
59,1.00035,3058454805,0.0,-1,1,-1,-1,-1,0,11420000000000.0,11420000000000.0,466.007,48.005,375.89,1,0.3063,388.59,16.96508,16.24539,12.002369999999999,38.72,36.55,35.24,29970000000000.0,4584000000000.0,-35350000000000.0,0.02036,173946729,173946729,3058454805,14996,180,-1,173959188,173946907,48.0049,11515000000000,12239000000000,9858500000000,7890400000000,3598500000000,13.2925,9.44,0.01906,0.9713299999999999,0.8321299999999999,-1.11653,19.9342,13.9004,0.95021,0.76535,0.81243,17.2554,11.0274,0.5438,13670000000000,6659000000000,11420000000000.0,11420000000000.0,388.59,406.47,0.4083,476.9,652.6,363.9,229.1,376.0,1.0,1.0,1.0,11420000000000.0,388.59,388.59
60,1.00035,3060117997,0.0,-1,1,-1,-1,-1,0,12313300000000.0,11130000000000.0,462.082,70.217,361.59,1,0.7423,356.82,37.51225,14.41035,47.94621,-16.35,186.86,-357.33,-43530000000000.0,-27140000000000.0,26170000000000.0,0.02365,175775140,175775140,3060117997,1678188,180,-1,175788615,175775312,70.2171,11189000000000,13444000000000,8534500000000,6240600000000,2918900000000,19.2738,35.1,0.02459,0.74866,0.5354300000000001,-15.783,20.0075,0.35670999999999997,0.68302,0.48348,-12.2427,15.0411,1.54162,0.5792,11220000000000,7443000000000,11130000000000.0,12320000000000.0,356.82,422.24,0.7004,-953.8,-852.6,-483.4,907.2,1350.0,0.8923,1.0,1.0,11130000000000.0,356.82,370.19
61,1.00035,3060311872,0.0,-1,1,-1,-1,-1,0,11367900000000.0,10960000000000.0,459.747,59.745,363.87,1,0.7903,370.53,42.86796,48.19336,38.9573,605.68,265.84,-251.59,-19180000000000.0,17720000000000.0,-59190000000000.0,0.028980000000000002,176816421,176816421,3060311872,1872063,180,-1,176828230,176816599,55.6706,11304000000000,12323000000000,8533000000000,6235600000000,3148500000000,14.2257,19.74,0.02833,0.66251,0.55925,17.3625,-11.2614,6.07406,0.65312,0.53268,13.5439,-8.3225,4.78222,0.5539999999999999,11090000000000,6579000000000,10960000000000.0,11230000000000.0,370.53,450.34,0.7663,0.0,-100.0,374.1,1496.0,1246.0,0.9374,1.0,1.0,10960000000000.0,370.53,371.93
62,1.00035,3058454894,0.0,-1,1,-1,-1,-1,0,10820000000000.0,10820000000000.0,457.671,79.815,407.81,1,0.9373,355.98,26.95813,22.7061,13.945820000000001,-110.04,-83.14,89.55,74150000000000.0,87920000000000.0,29750000000000.0,0.03726,177793399,177793399,3058454894,15085,180,-1,177801183,177793572,66.7639,10863000000000,11284000000000,9558400000000,6630000000000,1788400000000,50.4157,151.03,0.05322,0.8243799999999999,0.46347,-2.8975,-22.28,31.1204,0.43683,0.29848,-6.2599,-19.6053,25.4929,0.775,12230000000000,9050000000000,10820000000000.0,10820000000000.0,355.98,355.98,0.8623,1192.0,1191.0,2708.0,2114.0,1640.0,1.0,1.0,1.0,10820000000000.0,355.98,355.98
63,1.00035,3058442228,0.0,-1,2,-1,-1,-1,0,10890800000000.0,10550000000000.0,453.953,43.403,379.96,1,0.7423,384.89,27.834090000000003,14.233070000000001,3.51991,-34.11,-22.65,427.17,-130800000000000.0,75100000000000.0,-26450000000000.0,0.07458,179709513,179709513,3058442228,2419,180,-1,179718736,179709691,43.4029,10649000000000,11893000000000,8485400000000,6712100000000,3671600000000,6.9195199999999994,28.52,0.07146,0.8556799999999999,0.5363399999999999,11.0886,17.7993,-4.02383,0.8220700000000001,0.5040399999999999,8.76223,13.6883,-6.47745,0.5710000000000001,11830000000000,5560000000000,10550000000000.0,10900000000000.0,384.89,444.38,0.6103,-476.9,-400.0,-59.74,868.1,911.3,0.9043,1.0,1.0,10550000000000.0,384.89,380.2
64,1.00035,3058648769,0.0,-1,1,-1,-1,-1,0,10480000000000.0,10480000000000.0,452.823,35.825,395.5,1,0.3123,398.29,11.274230000000001,40.42362,5.04318,69.9,166.62,235.79,23060000000000.0,39270000000000.0,22650000000000.0,0.02437,180221253,180221253,3058648769,208960,180,-1,180234509,180221431,37.0268,10496000000000,11697000000000,8504900000000,6919800000000,4075600000000,30.1082,37.33,0.024030000000000003,0.66998,0.49796999999999997,3.65878,24.4689,-2.60128,0.68002,0.45461999999999997,3.66722,19.9352,-2.5407900000000003,0.6098,12340000000000,4986000000000,10480000000000.0,10480000000000.0,398.29,428.21,0.4384,2146.0,2787.0,745.2,437.3,422.3,1.0,1.0,1.0,10480000000000.0,398.29,398.29
65,1.00035,3058648848,0.0,-1,1,-1,-1,-1,0,10430000000000.0,10430000000000.0,452.115,63.201,361.6,1,0.5503,360.05,26.249309999999998,35.18222,5.88168,-119.15,77.64,381.81,110600000000000.0,-57780000000000.0,68330000000000.0,0.06726,180603626,180603626,3058648848,209039,180,-1,180614153,180603799,58.1474,10522000000000,11135000000000,9124400000000,6800800000000,2440800000000,46.5798,42.67,0.06774,0.6656,0.4821,16.5982,16.6346,-17.7759,0.60269,0.4117,12.6448,14.9164,-12.049000000000001,0.573,11940000000000,7450000000000,10430000000000.0,10430000000000.0,360.05,404.91,0.5383,953.8,776.3,558.4,782.8,669.1,1.0,1.0,1.0,10430000000000.0,360.05,360.05
66,1.00035,3060118059,0.0,-1,3,-1,-1,-1,0,10823300000000.0,10430000000000.0,452.231,75.579,359.43,1,0.7303,345.39,30.605,16.62976,41.61405,53.67,188.22,-262.89,30550000000000.0,2871000000000.0,-38520000000000.0,0.021480000000000003,180628402,180628402,3060118059,1678250,180,-1,180641553,180628580,73.3121,10435000000000,11989000000000,7892800000000,5806900000000,2477900000000,38.1441,17.07,0.02342,0.55466,0.46269,-7.840389999999999,26.7327,4.52494,0.4139,0.35996999999999996,-5.64705,20.4927,6.46089,0.6076,10440000000000,7470000000000,10430000000000.0,10830000000000.0,345.39,378.19,0.6463,-953.8,-852.6,45.0,687.5,1003.0,0.9284,1.0,1.0,10430000000000.0,345.39,360.21
67,1.00035,3058683885,0.0,-1,1,-1,-1,-1,0,16099300000000.0,10300000000000.0,450.301,152.822,356.88,1,0.7243,313.64,15.102310000000001,40.52771,34.04457,-202.6,-53.01,-290.47,70670000000000.0,8355000000000.0,-22520000000000.0,0.02509,181673091,181673091,3058683885,244076,180,-1,181681839,181673264,206.18900000000002,10575000000000,14575000000000,6205500000000,4146000000000,1521800000000,57.917,78.42,0.03626,0.53215,0.41168000000000005,-17.8378,0.14067000000000002,22.4455,0.8804200000000001,0.74139,-7.64761,-9.332989999999999,9.52949,0.7340000000000001,12910000000000,14500000000000,10300000000000.0,16140000000000.0,313.64,439.89,0.6704,1431.0,2326.0,225.6,-816.2,1625.0,0.8024,1.0,1.0,10300000000000.0,313.64,398.41
68,1.00035,3058684101,0.0,-1,2,-1,-1,-1,0,10240000000000.0,10240000000000.0,449.378,82.408,351.27,1,0.1923,335.34,16.19236,48.95686,39.06641,74.22,208.24,-444.68,42980000000000.0,27010000000000.0,52890000000000.0,0.03266,182123675,182123675,3058684101,244292,180,-1,182135368,182123853,84.499,10244000000000,12757000000000,7952200000000,5405100000000,2381800000000,12.7479,21.03,0.03598,0.8811100000000001,0.51495,-16.9216,-4.27745,23.3454,0.7711,0.45995,-11.0945,-12.4341,13.9504,0.6092,11690000000000,8056000000000,10240000000000.0,10240000000000.0,335.34,365.78,0.5924,476.9,476.3,358.9,663.8,915.6,1.0,1.0,1.0,10240000000000.0,335.34,335.34
69,1.00035,3060091201,0.0,-1,2,-1,-1,-1,0,10150000000000.0,10110000000000.0,447.554,46.209,390.74,1,0.0963,377.07,34.7631,18.59042,13.20055,-147.27,60.92,-190.85,1216000000000.0,59020000000000.0,17860000000000.0,0.029639999999999996,183075351,183075351,3060091201,1651392,180,-1,183090735,183075529,44.0089,10133000000000,11121000000000,8700000000000,6706800000000,3501600000000,12.1351,36.2,0.0309,0.55256,0.48878999999999995,25.2188,-1.85978,16.7191,0.52684,0.47283000000000003,20.3974,-1.59247,13.0542,0.6322,11590000000000,5725000000000,10110000000000.0,10150000000000.0,377.07,382.54,0.4803,-238.5,-76.3,536.9,610.6,424.3,0.9674,1.0,1.0,10110000000000.0,377.07,366.09
70,1.00035,3058465090,0.0,-1,1,-1,-1,-1,0,10188400000000.0,9879000000000.0,444.063,46.078,362.8,1,0.3903,370.76,9.1804,10.69262,19.76611,-77.46,187.86,-299.37,-11840000000000.0,18520000000000.0,21080000000000.0,0.016280000000000003,185004795,185004795,3058465090,25281,180,-1,185017632,185004970,45.4794,9881000000000,11229000000000,7872500000000,6160200000000,3337200000000,16.8387,5.63,0.01587,0.60135,0.50766,1.85549,26.2569,-8.51942,0.5685,0.45471999999999996,1.44176,21.2938,-6.855689999999999,0.5676,10740000000000,5433000000000,9879000000000.0,10190000000000.0,370.76,419.66,0.4264,-405.4,-420.1,-125.0,633.6,828.1,0.8803,1.0,1.0,9879000000000.0,370.76,371.18
71,1.00035,3060091151,0.0,-1,1,-1,-1,-1,0,9727000000000.0,9727000000000.0,441.772,37.853,373.87,1,0.4503,382.07,33.65965,14.48519,20.5354,5.65,289.68,-250.69,-49130000000000.0,-25660000000000.0,32170000000000.0,0.03704,185929691,185929691,3060091151,1651342,180,-1,185939779,185929869,38.7659,9728200000000,10479000000000,8452900000000,6613300000000,3487700000000,0.80097,15.55,0.034260000000000006,0.59855,0.55809,17.5437,7.45905,12.6593,0.52576,0.48363999999999996,14.3585,6.41001,10.2661,0.5608,11440000000000,4764000000000,9727000000000.0,9727000000000.0,382.07,437.35,0.4264,333.8,375.8,326.0,320.4,324.2,1.0,1.0,1.0,9727000000000.0,382.07,382.07
72,1.00035,3060314300,0.0,-1,1,-1,-1,-1,0,9571000000000.0,9571000000000.0,439.395,52.273,363.14,1,0.1323,356.59,32.57339,47.9725,37.9256,190.85,275.41,-190.52,-26390000000000.0,-17170000000000.0,-8999000000000.0,0.01784,187115933,187115933,3060314300,1874491,180,-1,187127864,187116106,51.4273,9589200000000,10586000000000,8132400000000,6098500000000,2921100000000,9.71544,52.29,0.01798,0.62946,0.54476,23.6881,5.34112,10.4498,0.57777,0.43385,18.4555,4.2317800000000005,10.4575,0.5922,10630000000000,5848000000000,9571000000000.0,9571000000000.0,356.59,362.73,0.4683,524.6,386.3,517.9,493.8,414.9,1.0,1.0,1.0,9571000000000.0,356.59,356.59
73,1.00035,3060116320,0.0,-1,2,-1,-1,-1,0,14403000000000.0,9524000000000.0,438.67,74.916,334.46,1,0.6163,338.37,42.5526,4.87185,45.80194,399.91,-220.54,-444.72,36180000000000.0,-42730000000000.0,101000000000000.0,0.061579999999999996,187579488,187579488,3060116320,1676511,180,-1,187593762,187579666,67.08800000000001,9647800000000,11153000000000,7851300000000,5664600000000,1967200000000,6.2519,18.56,0.06395,0.4423,0.41789,-21.1342,21.3201,20.976999999999997,0.43436,0.42091999999999996,-12.5175,16.1143,14.7584,0.5696,10210000000000,7468000000000,9524000000000.0,14420000000000.0,338.37,436.27,0.6163,-1097.0,-763.4,-376.9,-1211.0,740.2,0.7483,1.0,1.0,9524000000000.0,338.37,419.69
74,1.00035,3060076388,0.0,-1,2,-1,-1,-1,0,9715520000000.0,9457000000000.0,437.638,49.783,362.75,1,0.2463,359.6,49.7914,18.2477,0.66697,-309.3,474.1,334.12,27590000000000.0,-61540000000000.0,-11080000000000.0,0.03812,188195460,188195460,3060076388,1636579,180,-1,188207516,188195638,48.266999999999996,9734900000000,10513000000000,7908400000000,5886300000000,3051600000000,11.9565,16.96,0.0383,0.87828,0.78801,11.4822,12.3979,-12.6891,0.8678600000000001,0.73525,-7.69707,-8.000589999999999,12.4596,0.5908,10370000000000,5502000000000,9457000000000.0,9725000000000.0,359.6,385.07,0.4683,572.3,-393.6,169.0,-21.31,2.9219999999999997,0.6704,1.0,1.0,9457000000000.0,359.6,368.77
75,1.00035,3060102768,0.0,-1,1,-1,-1,-1,0,12189100000000.0,9050000000000.0,431.267,42.235,375.03,1,0.1983,361.93,45.62438,12.17494,35.34535,-100.02,311.1,-425.49,-14960000000000.0,-21440000000000.0,-31220000000000.0,0.02327,191340324,191340324,3060102768,1662959,180,-1,191350291,191340502,43.1581,9049800000000,10849000000000,7181900000000,5652400000000,3112900000000,17.7125,30.83,0.02455,0.90435,0.68407,-2.00575,-9.66699,18.915,0.93158,0.68874,4.4995,-10.7418,12.1602,0.6368,10010000000000,4828000000000,9050000000000.0,12200000000000.0,361.93,424.22,0.3963,10470.0,3396.0,-648.0,187.2,1053.0,0.8234,1.0,1.0,9050000000000.0,361.93,384.92
76,1.00035,3060091363,0.0,-1,1,-1,-1,-1,0,9033000000000.0,9033000000000.0,431.001,68.215,334.44,1,0.2703,329.0,44.909259999999996,21.85408,14.233479999999998,45.49,155.21,-108.66,28870000000000.0,49370000000000.0,-18930000000000.0,0.03515,191479264,191479264,3060091363,1651554,180,-1,191488922,191479435,70.0957,9046000000000,10484000000000,7215000000000,4931500000000,2333300000000,9.66572,25.3,0.03644,0.9421799999999999,0.8606,19.0384,-9.15673,9.60851,0.8026800000000001,0.6837300000000001,17.3908,-2.7133599999999998,2.2225900000000003,0.5746,9229000000000,6501000000000,9033000000000.0,9033000000000.0,329.0,341.34,0.4623,333.8,203.8,118.2,384.0,455.3,1.0,1.0,1.0,9033000000000.0,329.0,329.0
77,1.00035,3060090971,0.0,-1,2,-1,-1,-1,0,8945000000000.0,8945000000000.0,429.587,53.336,351.6,1,0.5043,344.04,41.3397,14.344779999999998,24.10945,-135.93,324.7,-399.01,20410000000000.0,-12470000000000.0,-84480000000000.0,0.053570000000000007,192118248,192118248,3060090971,1651162,180,-1,192128161,192118426,53.6949,8962100000000,10386000000000,7242800000000,5557600000000,2664500000000,5.50601,60.91,0.05397999999999999,0.63379,0.56275,8.404,18.9098,1.05645,0.54006,0.49259,7.665019999999999,14.8937,1.3699299999999999,0.5870000000000001,9639000000000,5580000000000,8945000000000.0,8945000000000.0,344.04,411.02,0.4984,119.2,129.1,141.1,64.73,369.7,1.0,1.0,1.0,8945000000000.0,344.04,344.04
78,1.00035,3058454694,0.0,-1,1,-1,-1,-1,0,8836000000000.0,8836000000000.0,427.839,47.394,343.54,1,0.2643,351.22,9.35524,26.247629999999997,14.644870000000001,-15.26,40.04,167.43,-16330000000000.0,-34970000000000.0,-32070000000000.0,0.03222,193101940,193101940,3058454694,14885,180,-1,193113775,193102118,47.3942,8889400000000,9910700000000,7007400000000,5385500000000,2841500000000,15.6979,11.6,0.03149,0.5948899999999999,0.5777800000000001,-11.2013,21.5642,-5.2799,0.55472,0.5246,-8.94863,17.2397,-3.77696,0.5622,9327000000000,4977000000000,8836000000000.0,8836000000000.0,351.22,400.36,0.4264,381.5,410.1,105.7,418.6,750.8,1.0,1.0,1.0,8836000000000.0,351.22,351.22
79,1.00035,3060299255,0.0,-1,3,-1,-1,-1,0,9043790000000.0,8805000000000.0,427.341,47.003,352.77,1,0.6583,349.17,37.55925,41.18504,18.36694,-131.32,534.33,-402.18,-22040000000000.0,26820000000000.0,57590000000000.0,0.04272,193347958,193347958,3060299255,1859446,180,-1,193359428,193348130,48.4061,8888300000000,9937700000000,7396000000000,5774800000000,2716100000000,10.9422,40.26,0.04244,0.80467,0.6200100000000001,22.83,3.32352,5.559419999999999,0.7449600000000001,0.56062,18.3229,5.88617,2.5725700000000002,0.5858,9980000000000,5203000000000,8805000000000.0,9013000000000.0,349.17,372.37,0.4864,0.0,82.89,19.34,7.664,272.3,0.7783,1.0,1.0,8805000000000.0,349.17,339.69
80,1.00035,3058648921,0.0,-1,1,-1,-1,-1,0,9119670000000.0,8754000000000.0,426.513,94.189,330.04,1,0.7423,310.22,26.74473,34.551190000000005,1.54144,-105.38,25.36,417.92,-55360000000000.0,-48950000000000.0,2000000000000.0,0.04172,193751544,193751544,3058648921,209112,180,-1,193761125,193751718,97.3021,8782000000000,10031000000000,6816300000000,4318200000000,1738100000000,16.7566,59.76,0.04711,0.90638,0.6772699999999999,3.67985,8.68316,24.9136,0.76932,0.49426000000000003,-4.72915,-3.19653,18.7249,0.6136,8805000000000,8002000000000,8754000000000.0,9712000000000.0,310.22,366.14,0.7363,166.9,122.9,330.6,1195.0,1288.0,0.9254,1.0,1.0,8754000000000.0,310.22,333.72
81,1.00035,3060103251,0.0,-1,1,-1,-1,-1,0,8760040000000.0,8715000000000.0,425.876,50.84,340.43,1,0.3543,340.66,31.08367,26.79962,24.48134,-86.25,121.98,-187.83,11390000000000.0,-31180000000000.0,-19790000000000.0,0.025509999999999998,194060380,194060380,3060103251,1663442,180,-1,194072221,194060557,53.5543,8716200000000,9795700000000,7396700000000,5552900000000,2581300000000,6.684139999999999,3.69,0.02481,0.8312799999999999,0.68934,15.2727,16.9151,7.41743,0.7652800000000001,0.6291899999999999,10.1489,14.2685,7.50785,0.5562,9671000000000,5353000000000,8715000000000.0,8762000000000.0,340.66,366.96,0.4503,71.54,98.96,5.4879999999999995,187.1,113.4,0.8953,1.0,1.0,8715000000000.0,340.66,344.78
82,1.00035,3060091246,0.0,-1,1,-1,-1,-1,0,8696000000000.0,8696000000000.0,425.572,60.706,368.87,1,0.8623,340.79,46.63306,25.30546,13.622779999999999,-12.9,108.02,-185.21,-44920000000000.0,16070000000000.0,-24840000000000.0,0.02853,194264485,194264485,3060091246,1651437,180,-1,194271869,194264653,53.2182,8709900000000,9386000000000,7832200000000,5741600000000,1441900000000,47.7514,55.48,0.03466,0.6028100000000001,0.45032,25.2664,24.9959,-10.8821,0.30543000000000003,0.27213000000000004,24.7023,16.3576,-14.3995,0.6968,10530000000000,6552000000000,8696000000000.0,8696000000000.0,340.79,369.72,0.8534,500.8,485.9,1685.0,1302.0,1005.0,1.0,1.0,1.0,8696000000000.0,340.79,340.79
83,1.00035,3060077843,0.0,-1,1,-1,-1,-1,0,8520000000000.0,8520000000000.0,422.68,47.876,364.96,1,0.3543,346.41,32.88848,3.26001,8.08212,-260.6,181.44,-103.63,3959000000000.0,2730000000000.0,7399000000000.0,0.00549,195823616,195823616,3060077843,1638034,180,-1,195833519,195823792,47.1908,8531100000000,9414700000000,7289300000000,5477800000000,2679500000000,21.6588,2.22,0.00588,0.7494,0.57018,24.3802,6.5502400000000005,-3.70815,0.80173,0.52517,19.2253,1.699,-5.5384,0.6408,9556000000000,5119000000000,8520000000000.0,8520000000000.0,346.41,364.62,0.4743,643.8,545.0,774.6,455.0,510.6,1.0,1.0,1.0,8520000000000.0,346.41,346.41
84,1.00035,3058649064,0.0,-1,2,-1,-1,-1,0,9475800000000.0,8510000000000.0,422.522,39.447,349.96,1,0.5683,352.05,22.07191,34.40466,9.21417,33.58,286.89,3.09,9287000000000.0,35180000000000.0,71460000000000.0,0.05778,195917145,195917145,3058649064,209255,180,-1,195926749,195917323,43.6798,8543600000000,9182900000000,7603500000000,5922200000000,2832100000000,5.32852,13.19,0.053570000000000007,0.80487,0.6580699999999999,-9.91057,15.3513,-10.7856,0.6734,0.5753,-6.4252199999999995,12.9289,-10.1886,0.5508,10240000000000,4538000000000,8510000000000.0,9460000000000.0,352.05,411.85,0.5383,214.6,215.8,193.9,-80.31,0.0,0.6523,1.0,1.0,8510000000000.0,352.05,383.87
85,1.00035,3058452629,0.0,-1,1,-1,-1,-1,0,8426000000000.0,8426000000000.0,421.114,52.967,384.19,1,0.8893,350.85,8.64608,21.1404,16.47731,413.18,413.98,250.44,28840000000000.0,11150000000000.0,34240000000000.0,0.02468,196694744,196694744,3058452629,12820,180,-1,196699674,196694922,43.5531,8451800000000,9402600000000,7555100000000,6133000000000,1968100000000,62.6801,52.55,0.03134,0.38975,0.35244000000000003,30.46,-10.9639,-26.2798,0.24079,0.20419,26.7356,-6.8398,-24.434,0.7386,10610000000000,5975000000000,8426000000000.0,8426000000000.0,350.85,383.56,0.8474,667.7,643.9,2019.0,1282.0,1089.0,1.0,1.0,1.0,8426000000000.0,350.85,350.85
86,1.00035,3060314644,0.0,-1,1,-1,-1,-1,0,8281000000000.0,8281000000000.0,418.696,82.437,325.68,1,0.3363,310.39,43.58012,47.01088,31.76575,-108.86,190.26,156.3,-50910000000000.0,-59240000000000.0,9286000000000.0,0.05024,197952194,197952194,3060314644,1874835,180,-1,197960241,197952372,82.4373,8307000000000,9129700000000,6655700000000,4318700000000,1771500000000,35.4144,41.82,0.05499,0.5234,0.43456000000000006,-12.8472,3.20102,25.2483,0.5076,0.44666000000000006,-9.19875,2.22383,17.1854,0.6018,8600000000000,7116000000000,8281000000000.0,8281000000000.0,310.39,345.93,0.7124,190.8,258.7,230.3,932.0,875.6,1.0,1.0,1.0,8281000000000.0,310.39,310.39
87,1.00035,3058451918,0.0,-1,1,-1,-1,-1,0,8622160000000.0,8257000000000.0,418.291,35.381,348.19,1,0.3663,362.75,3.72974,29.11102,16.378729999999997,3.1,45.85,274.61,-48130000000000.0,35190000000000.0,54490000000000.0,0.06332,198109896,198109896,3058451918,12109,180,-1,198119587,198110074,36.2857,8389400000000,8944900000000,7193800000000,5663000000000,3064400000000,9.751439999999999,22.44,0.05674,0.8262799999999999,0.74136,7.75293,15.9244,-4.63501,0.8102600000000001,0.7186600000000001,5.08143,13.1397,-5.03899,0.5376,9892000000000,4133000000000,8257000000000.0,8581000000000.0,362.75,392.01,0.3963,95.38,207.2,168.0,41.64,0.0,0.6463,1.0,1.0,8257000000000.0,362.75,361.36
88,1.00035,3060287837,0.0,-1,1,-1,-1,-1,0,7921000000000.0,7921000000000.0,412.525,40.542,354.17,1,0.5743,352.12,49.516009999999994,38.26481,11.80226,186.55,-119.66,-440.2,-18930000000000.0,-5203000000000.0,-20960000000000.0,0.02223,201459962,201459962,3060287837,1848028,180,-1,201470300,201460140,38.3005,7946100000000,9048800000000,6699700000000,5152800000000,2679600000000,11.02,26.22,0.02162,0.91676,0.58772,-9.66395,5.83266,11.427999999999999,0.86703,0.52927,-7.12798,2.61184,10.626,0.5932,8919000000000,4266000000000,7921000000000.0,7921000000000.0,352.12,398.73,0.5163,548.5,494.9,416.7,283.1,102.5,1.0,1.0,1.0,7921000000000.0,352.12,352.12
89,1.00035,3058454938,0.0,-1,1,-1,-1,-1,0,7835000000000.0,7690000000000.0,408.484,93.693,306.23,1,0.3363,300.87,3.87296,28.352859999999996,19.00647,80.89,468.4,-81.39,34350000000000.0,-34500000000000.0,-9353000000000.0,0.03536,203600035,203600035,3058454938,15129,180,-1,203606062,203600213,84.3243,7763600000000,8865200000000,5709300000000,4005000000000,1428300000000,23.6174,39.19,0.03921,0.77484,0.64254,23.2717,9.38105,7.68526,0.76812,0.57168,15.9637,8.436860000000001,6.8792100000000005,0.5918,7696000000000,7150000000000,7690000000000.0,7842000000000.0,300.87,334.05,0.6824,-119.2,-124.7,-51.33,545.6,840.0,0.9013,1.0,1.0,7690000000000.0,300.87,303.11
90,1.00035,3058453435,0.0,-1,1,3058453419,3058453419,-1,0,7665000000000.0,7665000000000.0,408.035,46.269,346.06,1,0.6103,332.42,10.47212,20.21204,14.43837,-212.63,421.04,145.79,-7138000000000.0,-30140000000000.0,43320000000000.0,0.04237,203850357,203850357,3058453435,13626,180,-1,203861618,203850532,46.8717,8544000000000,8668400000000,6563000000000,5011500000000,2357700000000,12.0276,19.32,0.04235,0.87897,0.55595,-0.96015,18.567,11.9049,0.76376,0.49665,-10.3623,10.5424,9.77316,0.598,8797000000000,4586000000000,7403000000000.0,7774000000000.0,340.42,368.73,0.5103,-2027.0,2270.0,-26.04,24.4,161.9,0.8384,0.8859999999999999,0.8859999999999999,7403000000000.0,340.42,339.12
91,1.00035,3058477830,0.0,-1,2,-1,-1,-1,0,7457000000000.0,7457000000000.0,404.32,32.582,354.81,1,0.4683,356.7,3.0279,15.53002,46.84254,-107.42,16.14,-274.68,18540000000000.0,-15060000000000.0,-20040000000000.0,0.02744,205848044,205848044,3058477830,38021,180,-1,205856047,205848220,32.6544,7458900000000,8305100000000,6305800000000,5086300000000,2852300000000,10.3895,13.91,0.02595,0.75174,0.49158,16.5816,-5.27807,6.45003,0.7167899999999999,0.46585,13.6152,-4.6444,5.3411,0.5898,8976000000000,3621000000000,7457000000000.0,7457000000000.0,356.7,418.41,0.4623,572.3,602.1,422.7,274.6,218.8,1.0,1.0,1.0,7457000000000.0,356.7,356.7
92,1.00035,3058476674,0.0,-1,2,-1,-1,-1,0,7501590000000.0,7287000000000.0,401.212,85.304,310.34,1,0.7423,301.03,13.432670000000002,26.116629999999997,37.109809999999996,-124.68,297.27,-379.46,23690000000000.0,49500000000000.0,12000000000000.0,0.04337,207418538,207418538,3058476674,36865,180,-1,207423401,207418712,72.7378,7424800000000,7973000000000,6038500000000,3976100000000,1279800000000,41.5609,51.11,0.0486,0.84929,0.66835,-0.94257,18.8166,19.2374,0.51393,0.45564,-4.39515,20.5769,5.169980000000001,0.6142,7699000000000,6650000000000,7287000000000.0,7533000000000.0,301.03,315.26,0.7304,-596.1,97.63,79.43,851.7,910.9,0.9043,1.0,1.0,7287000000000.0,301.03,309.39
93,1.00035,3058442245,0.0,-1,1,-1,-1,-1,0,7151000000000.0,7151000000000.0,398.71,39.868,337.41,1,0.4683,334.13,12.25908,1.51397,10.59097,-146.3,-1.71,-310.68,-13370000000000.0,975700000000.0,-43870000000000.0,0.04122,208865866,208865866,3058442245,2436,180,-1,208875139,208866044,40.1547,7166500000000,7971100000000,6083900000000,4877900000000,2421000000000,9.87465,35.52,0.04095,0.70421,0.50625,16.0219,18.4431,-9.97141,0.6659,0.45321000000000006,12.7613,15.5771,-7.65832,0.596,8466000000000,4025000000000,7151000000000.0,7151000000000.0,334.13,359.49,0.4623,95.38,136.7,236.3,255.4,212.3,1.0,1.0,1.0,7151000000000.0,334.13,334.13
94,1.00035,3060312949,0.0,-1,1,3060312953,3060312953,-1,0,6742000000000.0,6742000000000.0,390.953,23.043,373.69,1,0.5503,365.16,44.70742,49.97404,39.45986,1.54,781.43,-174.99,16790000000000.0,19900000000000.0,604700000000.0,0.02808,213396030,213396030,3060312949,1873140,180,-1,213410562,213396208,25.213,7863800000000,7064800000000,6145500000000,5093100000000,3066000000000,13.843,56.95,0.02565,0.89245,0.6854899999999999,13.8816,-5.56827,5.38507,0.9384100000000001,0.68967,12.1275,-5.22064,1.9423400000000002,0.6142,9157000000000,2813000000000,12210000000000.0,12950000000000.0,409.57,435.29,0.5103,-5747.0,-2797.0,-2815.0,-1302.0,296.1,0.8893,0.802,0.802,12210000000000.0,409.57,406.49
95,1.00035,3060103587,0.0,-1,1,-1,-1,-1,0,6643000000000.0,6643000000000.0,389.026,45.831,321.65,1,0.3123,311.08,36.8511,13.79553,30.99618,62.41,170.72,-295.65,-11290000000000.0,-30720000000000.0,-29520000000000.0,0.04385,214717582,214717582,3060103587,1663778,180,-1,214725127,214717759,49.0016,6656600000000,7324200000000,5607900000000,4166900000000,1975500000000,18.8759,19.73,0.0445,0.8513799999999999,0.82825,-7.14305,-2.2358,20.329,0.7703300000000001,0.63821,-7.317069999999999,1.04214,15.8849,0.5946,7276000000000,4000000000000,6643000000000.0,6643000000000.0,311.08,334.07,0.5103,286.2,264.3,323.0,170.2,208.8,1.0,1.0,1.0,6643000000000.0,311.08,311.08
96,1.00035,3058452875,0.0,-1,1,-1,-1,-1,0,6744330000000.0,6633000000000.0,388.839,42.852,320.83,1,0.4863,320.6,7.63018,23.5701,16.855970000000003,673.02,243.38,230.54,909300000000.0,-40240000000000.0,37670000000000.0,0.0559,214848617,214848617,3058452875,13066,180,-1,214859217,214848791,42.2005,6844800000000,7916000000000,5504400000000,4526400000000,1985800000000,10.1046,25.38,0.05579,0.73159,0.59386,23.6718,1.5938299999999999,2.65409,0.638,0.50349,19.964000000000002,2.07048,2.26458,0.586,7866000000000,4045000000000,6633000000000.0,6776000000000.0,320.6,363.55,0.4864,739.2,-33.11,166.5,208.9,47.53,0.9584,1.0,1.0,6633000000000.0,320.6,329.36
97,1.00035,3058660264,0.0,-1,1,-1,-1,-1,0,6614000000000.0,6614000000000.0,388.463,100.736,290.25,1,0.4143,277.77,25.033160000000002,43.99883,14.10188,-116.64,86.49,-131.51,512000000000.0,2381000000000.0,-3313000000000.0,0.00366,215027568,215027568,3058660264,220455,180,-1,215035523,215027744,104.04799999999999,6632500000000,8001900000000,4741900000000,3106500000000,1140700000000,3.48715,23.13,0.00418,0.68965,0.63372,24.0938,9.92399,3.7192199999999995,0.73049,0.71501,15.6524,6.14492,3.40021,0.6042,6641000000000,6808000000000,6614000000000.0,6614000000000.0,277.77,309.67,0.4864,834.6,865.0,450.1,306.2,100.1,1.0,1.0,1.0,6614000000000.0,277.77,277.77
98,1.00035,3060077905,0.0,-1,1,-1,-1,-1,0,6510000000000.0,6510000000000.0,386.425,34.753,326.25,1,0.3723,333.41,36.9558,12.547130000000001,1.53829,-103.45,221.96,-57.67,14890000000000.0,19370000000000.0,18210000000000.0,0.03414,216268410,216268410,3060077905,1638096,180,-1,216276798,216268588,34.254,6515700000000,6996300000000,5714500000000,4490400000000,2424700000000,10.149,8.63,0.031810000000000005,0.76354,0.45301,5.486330000000001,-10.925999999999998,20.0681,0.73332,0.44618,5.86321,-9.05851,15.9342,0.5624,7970000000000,3504000000000,6510000000000.0,6510000000000.0,333.41,346.46,0.3963,238.5,138.6,146.1,159.3,146.3,1.0,1.0,1.0,6510000000000.0,333.41,333.41
99,1.00035,3058659662,0.0,-1,2,3058659651,3058659651,-1,0,6437000000000.0,6437000000000.0,384.974,59.928,301.49,1,0.4443,294.36,20.15806,45.286609999999996,11.52698,23.01,174.14,169.63,2787000000000.0,-17070000000000.0,3863000000000.0,0.018090000000000002,217251055,217251055,3058659662,219853,180,-1,217265496,217251233,61.9805,6473800000000,7175500000000,4902900000000,3603300000000,1665800000000,30.2364,35.86,0.01885,0.86288,0.57406,17.3473,13.1818,4.5884599999999995,0.7013699999999999,0.64127,7.6171,13.523,4.559819999999999,0.5812,6513000000000,4416000000000,12330000000000.0,14500000000000.0,361.93,434.68,0.5684,3887.0,1961.0,-2284.0,-1225.0,512.3,0.8444,0.772,0.772,12330000000000.0,361.93,402.13
